[
{
    "fields": {
        "status": "Pending",
        "billing_address": null,
        "shipping_method": "Free shipping",
        "total_incl_tax": "7.99",
        "date_placed": "2014-10-10T13:07:36.499Z",
        "number": "100099",
        "guest_email": "",
        "site": 1,
        "currency": "GBP",
        "total_excl_tax": "7.99",
        "shipping_excl_tax": "0.00",
        "user": 1,
        "shipping_address": 1,
        "basket": null,
        "shipping_code": "free-shipping",
        "shipping_incl_tax": "0.00"
    },
    "model": "order.order",
    "pk": 1
},
{
    "fields": {
        "phone_number": null,
        "first_name": "Emery",
        "last_name": "Martin",
        "search_text": "Emery Martin Iusto ut rem doloribus irure non architecto tempor rerum ex et ut Earum id magnam et libero voluptas sed et et Voluptas illum alias facilis recusandae Laudantium Velit non aut repellendus Sint ut incididunt eiusmod aliqua Et Excepteur eos distinctio Ut eu EN1 9EL United Kingdom of Great Britain and Northern Ireland",
        "title": "Ms",
        "country": "GB",
        "notes": "Velit enim eos, asperiores architecto nesciunt, non ad dolor ullam esse, in et eum qui in recusandae.",
        "line4": "Velit non aut repellendus Sint ut incididunt eiusmod aliqua Et",
        "line3": "Voluptas illum alias facilis recusandae Laudantium",
        "line2": "Earum id magnam et libero voluptas sed et et",
        "line1": "Iusto ut rem doloribus irure non architecto tempor rerum ex et ut",
        "state": "Excepteur eos distinctio Ut eu",
        "postcode": "EN1 9EL"
    },
    "model": "order.shippingaddress",
    "pk": 1
},
{
    "fields": {
        "unit_price_excl_tax": "7.99",
        "status": "Pending",
        "stockrecord": 6,
        "partner_sku": "9780553380958",
        "line_price_excl_tax": "7.99",
        "unit_retail_price": null,
        "partner_line_reference": "",
        "partner_name": "Book partner",
        "line_price_incl_tax": "7.99",
        "title": "Snow Crash",
        "product": 12,
        "line_price_before_discounts_excl_tax": "7.99",
        "upc": "9780553380958",
        "line_price_before_discounts_incl_tax": "7.99",
        "est_dispatch_date": null,
        "partner_line_notes": "",
        "unit_price_incl_tax": "7.99",
        "unit_cost_price": null,
        "partner": 3,
        "order": 1,
        "quantity": 1
    },
    "model": "order.line",
    "pk": 1
},
{
    "fields": {
        "price_incl_tax": "7.99",
        "shipping_incl_tax": "0.00",
        "shipping_excl_tax": "0.00",
        "line": 1,
        "price_excl_tax": "7.99",
        "order": 1,
        "quantity": 1
    },
    "model": "order.lineprice",
    "pk": 1
},
{
    "fields": {
        "category": "Deferred",
        "voucher_code": "",
        "offer_id": 2,
        "message": "Your name has been changed to Barry!",
        "amount": "0.00",
        "frequency": 1,
        "voucher_id": null,
        "offer_name": "Deferred benefit offer",
        "order": 1
    },
    "model": "order.orderdiscount",
    "pk": 1
}
]
